raceId,year,round,circuitId,name,date
900,2014,1,1,Australian Grand Prix,16-03-14
901,2014,2,2,Malaysian Grand Prix,30-03-14
902,2014,3,3,Bahrain Grand Prix,06-04-14
903,2014,4,17,Chinese Grand Prix,20-04-14
904,2014,5,4,Spanish Grand Prix,11-05-14
905,2014,6,6,Monaco Grand Prix,25-05-14
906,2014,7,7,Canadian Grand Prix,08-06-14
907,2014,8,70,Austrian Grand Prix,22-06-14
908,2014,9,9,British Grand Prix,06-07-14
909,2014,10,10,German Grand Prix,20-07-14
910,2014,11,11,Hungarian Grand Prix,27-07-14
911,2014,12,13,Belgian Grand Prix,24-08-14
912,2014,13,14,Italian Grand Prix,07-09-14
913,2014,14,15,Singapore Grand Prix,21-09-14
914,2014,15,22,Japanese Grand Prix,05-10-14
915,2014,16,71,Russian Grand Prix,12-10-14
916,2014,17,69,United States Grand Prix,02-11-14
917,2014,18,18,Brazilian Grand Prix,09-11-14
918,2014,19,24,Abu Dhabi Grand Prix,23-11-14
926,2015,1,1,Australian Grand Prix,15-03-15
927,2015,2,2,Malaysian Grand Prix,29-03-15
928,2015,3,17,Chinese Grand Prix,12-04-15
929,2015,4,3,Bahrain Grand Prix,19-04-15
930,2015,5,4,Spanish Grand Prix,10-05-15
931,2015,6,6,Monaco Grand Prix,24-05-15
932,2015,7,7,Canadian Grand Prix,07-06-15
933,2015,8,70,Austrian Grand Prix,21-06-15
934,2015,9,9,British Grand Prix,05-07-15
936,2015,10,11,Hungarian Grand Prix,26-07-15
937,2015,11,13,Belgian Grand Prix,23-08-15
938,2015,12,14,Italian Grand Prix,06-09-15
939,2015,13,15,Singapore Grand Prix,20-09-15
940,2015,14,22,Japanese Grand Prix,27-09-15
941,2015,15,71,Russian Grand Prix,11-10-15
942,2015,16,69,United States Grand Prix,25-10-15
943,2015,17,32,Mexican Grand Prix,01-11-15
944,2015,18,18,Brazilian Grand Prix,15-11-15
945,2015,19,24,Abu Dhabi Grand Prix,29-11-15
948,2016,1,1,Australian Grand Prix,20-03-16
949,2016,2,3,Bahrain Grand Prix,03-04-16
950,2016,3,17,Chinese Grand Prix,17-04-16
951,2016,4,71,Russian Grand Prix,01-05-16
952,2016,5,4,Spanish Grand Prix,15-05-16
953,2016,6,6,Monaco Grand Prix,29-05-16
954,2016,7,7,Canadian Grand Prix,12-06-16
955,2016,8,73,European Grand Prix,19-06-16
956,2016,9,70,Austrian Grand Prix,03-07-16
957,2016,10,9,British Grand Prix,10-07-16
958,2016,11,11,Hungarian Grand Prix,24-07-16
959,2016,12,10,German Grand Prix,31-07-16
960,2016,13,13,Belgian Grand Prix,28-08-16
961,2016,14,14,Italian Grand Prix,04-09-16
962,2016,15,15,Singapore Grand Prix,18-09-16
963,2016,16,2,Malaysian Grand Prix,02-10-16
964,2016,17,22,Japanese Grand Prix,09-10-16
965,2016,18,69,United States Grand Prix,23-10-16
966,2016,19,32,Mexican Grand Prix,30-10-16
967,2016,20,18,Brazilian Grand Prix,13-11-16
968,2016,21,24,Abu Dhabi Grand Prix,27-11-16
969,2017,1,1,Australian Grand Prix,26-03-17
970,2017,2,17,Chinese Grand Prix,09-04-17
971,2017,3,3,Bahrain Grand Prix,16-04-17
972,2017,4,71,Russian Grand Prix,30-04-17
973,2017,5,4,Spanish Grand Prix,14-05-17
974,2017,6,6,Monaco Grand Prix,28-05-17
975,2017,7,7,Canadian Grand Prix,11-06-17
976,2017,8,73,Azerbaijan Grand Prix,25-06-17
977,2017,9,70,Austrian Grand Prix,09-07-17
978,2017,10,9,British Grand Prix,16-07-17
979,2017,11,11,Hungarian Grand Prix,30-07-17
980,2017,12,13,Belgian Grand Prix,27-08-17
981,2017,13,14,Italian Grand Prix,03-09-17
982,2017,14,15,Singapore Grand Prix,17-09-17
983,2017,15,2,Malaysian Grand Prix,01-10-17
984,2017,16,22,Japanese Grand Prix,08-10-17
985,2017,17,69,United States Grand Prix,22-10-17
986,2017,18,32,Mexican Grand Prix,29-10-17
987,2017,19,18,Brazilian Grand Prix,12-11-17
988,2017,20,24,Abu Dhabi Grand Prix,26-11-17
989,2018,1,1,Australian Grand Prix,25-03-18
990,2018,2,3,Bahrain Grand Prix,08-04-18
991,2018,3,17,Chinese Grand Prix,15-04-18
992,2018,4,73,Azerbaijan Grand Prix,29-04-18
993,2018,5,4,Spanish Grand Prix,13-05-18
994,2018,6,6,Monaco Grand Prix,27-05-18
995,2018,7,7,Canadian Grand Prix,10-06-18
996,2018,8,34,French Grand Prix,24-06-18
997,2018,9,70,Austrian Grand Prix,01-07-18
998,2018,10,9,British Grand Prix,08-07-18
999,2018,11,10,German Grand Prix,22-07-18
1000,2018,12,11,Hungarian Grand Prix,29-07-18
1001,2018,13,13,Belgian Grand Prix,26-08-18
1002,2018,14,14,Italian Grand Prix,02-09-18
1003,2018,15,15,Singapore Grand Prix,16-09-18
1004,2018,16,71,Russian Grand Prix,30-09-18
1005,2018,17,22,Japanese Grand Prix,07-10-18
1006,2018,18,69,United States Grand Prix,21-10-18
1007,2018,19,32,Mexican Grand Prix,28-10-18
1008,2018,20,18,Brazilian Grand Prix,11-11-18
1009,2018,21,24,Abu Dhabi Grand Prix,25-11-18
1010,2019,1,1,Australian Grand Prix,17-03-19
1011,2019,2,3,Bahrain Grand Prix,31-03-19
1012,2019,3,17,Chinese Grand Prix,14-04-19
1013,2019,4,73,Azerbaijan Grand Prix,28-04-19
1014,2019,5,4,Spanish Grand Prix,12-05-19
1015,2019,6,6,Monaco Grand Prix,26-05-19
1016,2019,7,7,Canadian Grand Prix,09-06-19
1017,2019,8,34,French Grand Prix,23-06-19
1018,2019,9,70,Austrian Grand Prix,30-06-19
1019,2019,10,9,British Grand Prix,14-07-19
1020,2019,11,10,German Grand Prix,28-07-19
1021,2019,12,11,Hungarian Grand Prix,04-08-19
1022,2019,13,13,Belgian Grand Prix,01-09-19
1023,2019,14,14,Italian Grand Prix,08-09-19
1024,2019,15,15,Singapore Grand Prix,22-09-19
1025,2019,16,71,Russian Grand Prix,29-09-19
1026,2019,17,22,Japanese Grand Prix,13-10-19
1027,2019,18,32,Mexican Grand Prix,27-10-19
1028,2019,19,69,United States Grand Prix,03-11-19
1029,2019,20,18,Brazilian Grand Prix,17-11-19
1030,2019,21,24,Abu Dhabi Grand Prix,01-12-19
